id,source,source_id
1,YOUTUBE,qjWEOzaE6Is
2,YOUTUBE,l43npzKOh5k
3,YOUTUBE,P85Yp6Rl_HQ
4,YOUTUBE,-8VfKZCOo_I
5,YOUTUBE,v9lZ2MEx8oU
6,YOUTUBE,Nq3x1AkwgpY
7,YOUTUBE,jJ8uJ16P9Cs
8,YOUTUBE,LeX1h-HSWo4
9,YOUTUBE,K7JrX7PHGBE
10,YOUTUBE,IXXxciRUMzE
11,YOUTUBE,D9G1VOjN_84
12,YOUTUBE,UIMddo8qzCY
13,YOUTUBE,EUtHGb2FJEI
14,YOUTUBE,fSr85N64BA0
15,YOUTUBE,k2qgadSvNyU
16,YOUTUBE,e3JEC-ph2tI
17,YOUTUBE,k5ZtZEtDEGo
18,YOUTUBE,orJSJGHjBLI
19,YOUTUBE,bwgUMuoS2jU
20,YOUTUBE,R4D0gW2Vl7k
21,YOUTUBE,DF6JhvbSMxs
22,YOUTUBE,m7ewoBS1u84
23,YOUTUBE,WFsAon_TWPQ
24,YOUTUBE,nwsewSMWIas
25,YOUTUBE,S0lPavA_jpk
26,YOUTUBE,QpKkNIT84GY
27,YOUTUBE,GG7fLOmlhYg
28,YOUTUBE,xRpOfN79ksk
29,YOUTUBE,Il0S8BoucSA
30,YOUTUBE,RzUVuTdiLtc
31,YOUTUBE,JGdGHrBTXv8
32,YOUTUBE,IuSHpLcWX-M
33,YOUTUBE,yxW5yuzVi8w
34,YOUTUBE,SmM0653YvXU
35,YOUTUBE,AxVHtxrLXZ4
36,YOUTUBE,xCkUHFBummU
37,YOUTUBE,har6CU-OiG8
38,YOUTUBE,8pzeheypl84
39,YOUTUBE,dx3wZfHF4c4
40,YOUTUBE,Nk8C9FdCdJQ
41,YOUTUBE,AH8b7EynJ60
42,YOUTUBE,c4XUGX6mJTg
43,YOUTUBE,TKqa-ZXGKYA
44,YOUTUBE,LZDcu3-kumA
45,YOUTUBE,FsLwaNLwbVo
46,YOUTUBE,VCLxJd1d84s
47,YOUTUBE,4vbDFu0PUew
48,YOUTUBE,48s6RGU1dr0
49,YOUTUBE,p0zuRoa2BH4
50,YOUTUBE,EaIh7tRqdqM
51,YOUTUBE,GUE1Ilp8lVg
52,YOUTUBE,XpNWBVtXFsI
53,YOUTUBE,nfs8NYg7yQM
54,YOUTUBE,7-Ikexq03O0
55,YOUTUBE,r1Rrt8iaOUc
56,YOUTUBE,i-M9_cKCGuM
57,YOUTUBE,O-RxDnbeWhk
58,YOUTUBE,BSzSn-PRdtI
59,YOUTUBE,Vh6RgJE_U3Q
60,YOUTUBE,OsELpXdMdQo
61,YOUTUBE,ZDrlmlzY7cE
62,YOUTUBE,qEfYSU689mw
63,YOUTUBE,oyEuk8j8imI
64,YOUTUBE,5GL9JoH4Sws
65,YOUTUBE,JGwWNGJdvx8
66,YOUTUBE,_Z5-P9v3F8w
67,YOUTUBE,ca48oMV59LU
68,YOUTUBE,Wx3gRx0Fyzk
69,YOUTUBE,MP2x_dTad8k
70,YOUTUBE,uAPUkgeiFVY
71,YOUTUBE,VKSFtcpfRnQ
72,YOUTUBE,kffacxfA7G4
73,YOUTUBE,CRrf3h9vhp8
74,YOUTUBE,VAMuj4EtlL0
75,YOUTUBE,xkmkg4WC8oU
76,YOUTUBE,m6RO40T3_jM
77,YOUTUBE,dmW68lzaaqs
78,YOUTUBE,r2ma8WPRppk
79,YOUTUBE,sLgz57tguKo
80,YOUTUBE,K73g54E8ZtU
81,YOUTUBE,ONj9cvHCado
82,YOUTUBE,t4Zti8NhINw
83,YOUTUBE,GoQ85cs5fk0
84,YOUTUBE,mgL1752wmMc
85,YOUTUBE,XUbnhFO0bUc
86,YOUTUBE,koJlIGDImiU
87,YOUTUBE,fPziOGGqEpw
88,YOUTUBE,VBiNZcH27Y8
89,YOUTUBE,DKuDnvi81iY
90,YOUTUBE,5NPBIwQyPWE
91,YOUTUBE,Vcwhe0pY4Bg
92,YOUTUBE,n_UxbqV1XfA
93,YOUTUBE,iOa7uE23qc4
94,YOUTUBE,DUT5rEU6pqM
95,YOUTUBE,gGpPC_u597Y
96,YOUTUBE,TKkcsmvYTw4
97,YOUTUBE,IoIRXuD6wrw
98,YOUTUBE,yy1X6ThVNyM
99,YOUTUBE,G56XvqUWOd0
100,YOUTUBE,zbalhDXqpGg
101,YOUTUBE,02IboPNPog8
102,YOUTUBE,Qt2mbGP6vFI
103,YOUTUBE,s8Md9AVBxpY
104,YOUTUBE,JbVXWcB5xAg
105,YOUTUBE,rbFaVDfkI00
106,YOUTUBE,tH_i76JVTDg
107,YOUTUBE,3y9FCSlfaMk
108,YOUTUBE,7LxsMWsUxjs
109,YOUTUBE,gZFmMoeU5m0
110,YOUTUBE,6EGg0_l-edc
111,YOUTUBE,GQAOrCOknCY
112,YOUTUBE,sHHhyACWBLk
113,YOUTUBE,9SxtrBtKOyk
114,YOUTUBE,OvkiGEK3bAI
115,YOUTUBE,efiLdiBk1f8
116,YOUTUBE,uZsY4S4ckMU
117,YOUTUBE,sejJ8TUqkuY
118,YOUTUBE,dQw4w9WgXcQ
119,YOUTUBE,VDIb7arL6PI
120,YOUTUBE,CevxZvSJLk8
121,YOUTUBE,sqmNziU3OxQ
122,YOUTUBE,j1khx5NKAPE
123,YOUTUBE,w8mBplMtwJ8
124,YOUTUBE,7hNikItQ69g
125,YOUTUBE,8bzesUu_a4I
126,YOUTUBE,oofSnsGkops
127,YOUTUBE,h3h035Eyz5A
128,YOUTUBE,X4r_eTtS4Lo
129,YOUTUBE,DCMlgx-1Bkg
130,YOUTUBE,lY2yjAdbvdQ
131,YOUTUBE,Joj_gpxii3s
132,YOUTUBE,JRLQmqU2Qzc
133,YOUTUBE,LjhCEhWiKXk
134,YOUTUBE,4xIPf6tHUXk
135,YOUTUBE,apPxQOfh0ek
136,YOUTUBE,xROI-P1Uijw
137,YOUTUBE,EEqq0_Etuos
138,YOUTUBE,rTmBqT-nr_c
139,YOUTUBE,GX6T2c6QH4Q
140,YOUTUBE,Fp8msa5uYsc
141,YOUTUBE,y83x7MgzWOA
142,YOUTUBE,3tmd-ClpJxA
143,YOUTUBE,I-QfPUz1es8
144,YOUTUBE,CGyEd0aKWZE
145,YOUTUBE,12f9xunqYNM
146,YOUTUBE,TUVcZfQe-Kw
147,YOUTUBE,QJO3ROT-A4E
148,YOUTUBE,F8sbJILdkQQ
149,YOUTUBE,A9hcJgtnm6Q
150,YOUTUBE,x4drP6Q6p30
151,YOUTUBE,wZTIdnooV-s
152,YOUTUBE,KRRXsfE4gEE
153,YOUTUBE,nr24YaaxmQk
154,YOUTUBE,buSStIXcUqE
155,YOUTUBE,24u3NoPvgMw
156,YOUTUBE,DE-uKolENqw
157,YOUTUBE,ffaqVXuWO9o
158,YOUTUBE,OsU0CGZoV8E
159,YOUTUBE,V0eho1fFZ7o
160,YOUTUBE,Om0rYw6qzb8
161,YOUTUBE,2ZPLkG6S3LI
162,YOUTUBE,n9sx82K8jK0
163,YOUTUBE,BW1N5B9tRIo
164,YOUTUBE,OPf0YbXqDm0
165,YOUTUBE,gFtZqhnXyGw
166,YOUTUBE,L5SSKx7H-gA
167,YOUTUBE,tQ0yjYUFKAE
168,YOUTUBE,mr7ZfX1E55g
169,YOUTUBE,ojpTpT5i-PI
170,YOUTUBE,eH3giaIzONA
171,YOUTUBE,gjvTQTGogUM
172,YOUTUBE,EDwb9jOVRtU
173,YOUTUBE,ntsE023rPKM
174,YOUTUBE,Fo_ctINcsdY
175,YOUTUBE,gCYob2_PT5w
176,YOUTUBE,FxoLV_SknBw
177,YOUTUBE,HE1HXmiAw1o
178,YOUTUBE,kKpctBHTOGU
179,YOUTUBE,g6OnHA_hids
180,YOUTUBE,IbHRZCPUD0g
181,YOUTUBE,7lV5cFDK4m8
182,YOUTUBE,ZkHSMYIRh0A
183,YOUTUBE,hQddXp09Cjo
184,YOUTUBE,tt2k8PGm-TI
185,YOUTUBE,s2Ydktmw17g
186,YOUTUBE,ffxKSjUwKdU
187,YOUTUBE,O5FODgtk4NA
188,YOUTUBE,Z-0tTi7GaPg
189,YOUTUBE,rYEDA3JcQqw
190,YOUTUBE,pvPsJFRGleA
191,YOUTUBE,U6n2NcJ7rLc
192,YOUTUBE,6LEs1yKXnb8
193,YOUTUBE,C7pADRPG4b4
194,YOUTUBE,_dlExeOyFh4
195,YOUTUBE,h3e1wYxipHg
196,YOUTUBE,WMweEpGlu_U
197,YOUTUBE,CuklIb9d3fI
198,YOUTUBE,qW9mC8lAbII
199,YOUTUBE,Sb9-XwwJYIw
200,YOUTUBE,jGhL1v594cU
201,YOUTUBE,tZt_X1AVgu4
202,YOUTUBE,nqNw14agII8
203,YOUTUBE,RQa7SvVCdZk
204,YOUTUBE,E07s5ZYygMg
205,YOUTUBE,6GUm5g8SG4o
206,YOUTUBE,OJqvQxxas-c
207,YOUTUBE,OshNahVo9-c
208,YOUTUBE,e7JQ9NAKxKA
209,YOUTUBE,OzdNh5NrWEc
210,YOUTUBE,gNi_6U5Pm_o
211,YOUTUBE,Oar4g59IHDI
212,YOUTUBE,Je-Kn3it25g
213,YOUTUBE,_6HpI5i84w8
214,YOUTUBE,HIv3ClkEhrA
215,YOUTUBE,WEHqD_YQBLw
216,YOUTUBE,uWRlisQu4fo
217,YOUTUBE,XpqqjU7u5Yc
218,YOUTUBE,JWEnDJVxwaw
219,YOUTUBE,BdecmcVmhvY
220,YOUTUBE,n3JAY-3H8Ao
221,YOUTUBE,4P9XUrniiK4
222,YOUTUBE,o5Sg1dIaHCU
223,YOUTUBE,vM56w5PV540
224,YOUTUBE,ShZ978fBl6Y
225,YOUTUBE,olGdRBibhyo
226,YOUTUBE,GfJicS3txO4
227,YOUTUBE,5jxjUpZr61k
228,YOUTUBE,sqMoKsoFlJw
229,YOUTUBE,QcIy9NiNbmo
230,YOUTUBE,GGtwxnue-bc
231,YOUTUBE,bESGLojNYSo
232,YOUTUBE,RwZelxcUudE
233,YOUTUBE,0NzlbBmkM3E
234,YOUTUBE,02jUOa36PuY
235,YOUTUBE,87yshUAtf4Q
236,YOUTUBE,tcYodQoapMg
237,YOUTUBE,QBPE2fZsVYU
238,YOUTUBE,DslL51FnWb8
239,YOUTUBE,80l_waLeFZY
240,YOUTUBE,9pmHzIG-Yac
241,YOUTUBE,1ekZEVeXwek
242,YOUTUBE,-CJ3_0vyzNs
243,YOUTUBE,4yPZs81lK3w
244,YOUTUBE,HbkBVxU5K5A
245,YOUTUBE,kI5mmq5QIz4
246,YOUTUBE,xcDhZirU4r0
247,YOUTUBE,INebzHsPSNA
248,YOUTUBE,7VXPo8uLgbQ
249,YOUTUBE,RdVx-GrnQzk
250,YOUTUBE,yfAQRPsajJE
251,YOUTUBE,Ketswv2wMdE
252,YOUTUBE,FC4o26-4-xQ
253,YOUTUBE,OT5msu-dap8
254,YOUTUBE,pB-5XG-DbAA
255,YOUTUBE,jO2viLEW-1A
256,YOUTUBE,HaWk-tV3d_8
257,YOUTUBE,MQv__TADEGM
258,YOUTUBE,YRFRPEuuobA
259,YOUTUBE,hy7vXJfXtt0
260,YOUTUBE,25D3528d2J0
261,YOUTUBE,NY9ZQMdRAY4
262,YOUTUBE,0Osonz_lVKI
263,YOUTUBE,LH4Y1ZUUx2g
264,YOUTUBE,NwdQx2P_ytk
265,YOUTUBE,GOxDPWpjNaA
266,YOUTUBE,5NzmS2IzG-g
267,YOUTUBE,x4GiPwMZFIQ
268,YOUTUBE,NXk_wWFxhEI
269,YOUTUBE,d_NtAZBY13c
270,YOUTUBE,hlDeoN534NE
271,YOUTUBE,Nj8ZwA84yoo
272,YOUTUBE,lKAiv1jmVxA
273,YOUTUBE,lR_x0GH5c30
274,YOUTUBE,qod03PVTLqk
275,YOUTUBE,niG3YMU6jFk
276,YOUTUBE,r_yhREbppbI
277,YOUTUBE,Jwgf3wmiA04
278,YOUTUBE,5KIMcayH_jQ
279,YOUTUBE,BC19kwABFwc
280,YOUTUBE,syFZfO_wfMQ
281,YOUTUBE,f3XzeX74Oj8
282,YOUTUBE,EPo5wWmKEaI
283,YOUTUBE,1skpo8ziUsA
284,YOUTUBE,il9nqWw9W3Y
285,YOUTUBE,15wVHmz_Aag
286,YOUTUBE,Hk00Z5hDPH8
287,YOUTUBE,meafZ5t8NbQ
288,YOUTUBE,Tc0tLGWIqxA
289,YOUTUBE,uSD4vsh1zDA
290,YOUTUBE,o_t1QlmHckw
291,YOUTUBE,NJsa6-y4sDs
292,YOUTUBE,LvC3WZKUDIM
293,YOUTUBE,taSubkjZUA4
294,YOUTUBE,VF-r5TtlT9w
295,YOUTUBE,kyfXEMqvLgU
296,YOUTUBE,GrAchTdepsU
297,YOUTUBE,XkRTaniNIsE
298,YOUTUBE,YBHQbu5rbdQ
299,YOUTUBE,nfWlot6h_JM
300,YOUTUBE,ey1ZTG77V9o
301,YOUTUBE,jaaFw4pHAMo
302,YOUTUBE,Hx5YuRJrChU
303,YOUTUBE,YQHsXMglC9A
304,YOUTUBE,gvyUuxdRdR4
305,YOUTUBE,GbDvg_ydRf8
306,YOUTUBE,JsOVJ1PAC6s
307,YOUTUBE,I7HahVwYpwo
308,YOUTUBE,ui8kUKuLBaU
309,YOUTUBE,zIJEOEZdLzE
310,YOUTUBE,P7MKx1F5mus
311,YOUTUBE,0cCJ3jrsBhs
312,YOUTUBE,ExoctqO4Mmk
313,YOUTUBE,cii6ruuycQA
314,YOUTUBE,lH3d69sbvX4
315,YOUTUBE,Z_MvkyuOJgk
316,YOUTUBE,gdZLi9oWNZg
317,YOUTUBE,tGCFEaW91SM
318,YOUTUBE,0yW7w8F2TVA
319,YOUTUBE,LX5OQV8CLec
320,YOUTUBE,VKaLjHZJ-GY
321,YOUTUBE,2QXSnc_9OuU
322,YOUTUBE,2gXEggH4vbs
323,YOUTUBE,J6YB056SVNo
324,YOUTUBE,Q1QcLbkYFaM
325,YOUTUBE,7PCkvCPvDXk
326,YOUTUBE,YqeW9_5kURI
327,YOUTUBE,qN4ooNx77u0
328,YOUTUBE,JXgV1rXUoME
329,YOUTUBE,dI3xkL7qUAc
330,YOUTUBE,BQ0mxQXmLsk
331,YOUTUBE,MJmxdlCtFWU
332,YOUTUBE,GLcbcqPM_Oo
333,YOUTUBE,rTJSWmgbVwA
334,YOUTUBE,aDEB7FS2UjY
335,YOUTUBE,450p7goxZqg
336,YOUTUBE,9u14-QBPzSE
337,YOUTUBE,O1kbMfVv_vs
338,YOUTUBE,y8trd3gjJt0
339,YOUTUBE,aatr_2MstrI
340,YOUTUBE,CfihYWRWRTQ
341,YOUTUBE,ulZ4YAE7hCQ
342,YOUTUBE,Y6vQr9squvw
343,YOUTUBE,lyHNzNMSZyw
344,YOUTUBE,wZi6ls2K9Is
345,YOUTUBE,5t9ypir3bO4
346,YOUTUBE,ANS9sSJA9Yc
347,YOUTUBE,BPgEgaPk62M
348,YOUTUBE,Mhj15W23IjA
349,YOUTUBE,ZQFmRXgeR-s
350,YOUTUBE,qLPsCATec5s
351,YOUTUBE,TS__djFhJKM
352,YOUTUBE,o3mP3mJDL2k
353,YOUTUBE,BKenhu5Nph4
354,YOUTUBE,m1kaQCMB1q8
355,YOUTUBE,CKZvWhCqx1s
356,YOUTUBE,AOamtC2_r7k
357,YOUTUBE,6swmTBVI83k
358,YOUTUBE,Z-9gQjUZMm0
359,YOUTUBE,suk3mW0tDPA
360,YOUTUBE,hnezG_moEEQ
361,YOUTUBE,1jzKe5vXKUA
362,YOUTUBE,N6O2ncUKvlg
363,YOUTUBE,uS_y_65CcpA
364,YOUTUBE,Ahha3Cqe_fk
365,YOUTUBE,OxPv8mSTv9U
366,YOUTUBE,MIXqIFY51P4
367,YOUTUBE,3AtDnEC4zak
368,YOUTUBE,gwJ7YKhmWKg
369,YOUTUBE,Lp3bgDEnN5Y
370,YOUTUBE,zDo0H8Fm7d0
371,YOUTUBE,KWZGAExj-es
372,YOUTUBE,r5n1GCY-nYQ
373,YOUTUBE,uG8n2v6ODVQ
374,YOUTUBE,0Gl2QnHNpkA
375,YOUTUBE,vHu9JtbV6nk
376,YOUTUBE,hs1dfP68_1I
377,YOUTUBE,6rFx5-M8t28
378,YOUTUBE,EWtAQ_oyveo
379,YOUTUBE,iVWsP3IadBk
380,YOUTUBE,4I25nV9hXGA
381,YOUTUBE,DH97X43pQCg
382,YOUTUBE,DsUMXvBNc8A
383,YOUTUBE,iX-QaNzd-0Y
384,YOUTUBE,zU8JDmnrq2o
385,YOUTUBE,qAZaDm-6jBI
386,YOUTUBE,-nof7dz5a-I
387,YOUTUBE,YI-zGZyYxc8
388,YOUTUBE,yrq1pVgGkMs
389,YOUTUBE,nmJr6xsVKYY
390,YOUTUBE,EslzthDFm2w
391,YOUTUBE,MSIvdSxAckg
392,YOUTUBE,YQ7WKVzVjmo
393,YOUTUBE,2Tht0s3RKyc
394,YOUTUBE,Ym-GX811zJk
395,YOUTUBE,Duyanfu4DAg
396,YOUTUBE,4WQS22-x6YY
397,YOUTUBE,TyMHeSHH7wI
398,YOUTUBE,jHrJBUHwTxE
399,YOUTUBE,JnsvymlPtqM
400,YOUTUBE,BRlF7kBJBPw
401,YOUTUBE,mqs3kDlWBos
402,YOUTUBE,prmmCg5bKxA
403,YOUTUBE,w65eWPGYoFg
404,YOUTUBE,KLu7QyEpdBM
405,YOUTUBE,noh6BYgtTxQ
406,YOUTUBE,56WBK4ZK_cw
407,YOUTUBE,FOcZ9QPehL8
408,YOUTUBE,hFCjGiawJi4
409,YOUTUBE,6S_3OKrqJ3I
410,YOUTUBE,Bg844EncclI
411,YOUTUBE,qpgTC9MDx1o
412,YOUTUBE,psQy1vdFF70
413,YOUTUBE,10EX-_h4pYc
414,YOUTUBE,O2CIAKVTOrc
415,YOUTUBE,ZckaCTKFBXU
416,YOUTUBE,hyHuuRL8cU4
417,YOUTUBE,o8oAf38cWyE
418,YOUTUBE,Xwp4D56u1MM
419,YOUTUBE,5JhQG2u8Ow8
420,YOUTUBE,XTwIV5Kzhu8
421,YOUTUBE,5GJWxDKyk3A
422,YOUTUBE,eieYb5f50fg
423,YOUTUBE,qKwHvH4gDCo
424,YOUTUBE,SyP9S_wHG_4
425,YOUTUBE,lfLS2XUfGEE
426,YOUTUBE,2n5GKLdrTfk
427,YOUTUBE,0Kx3sobEBFE
428,YOUTUBE,PkzJgGZBFDg
429,YOUTUBE,o0G8irSKyFU
430,YOUTUBE,51u5fnyrGj4
431,YOUTUBE,_7DKuv_xsuY
432,YOUTUBE,BiQIc7fG9pA
433,YOUTUBE,D1c4uxwcFSs
434,YOUTUBE,-_weSGOkM60
435,YOUTUBE,NmB9Rq1yVmo
436,YOUTUBE,0KSOMA3QBU0
437,YOUTUBE,uMdYQMH9Inc
438,YOUTUBE,obLXVRO_DJU
439,YOUTUBE,Q_6OZd6FFYg
440,YOUTUBE,pWarRE_1724
441,YOUTUBE,notLoIbFhJM
442,YOUTUBE,9iA-L5sxitQ
443,YOUTUBE,kX-dwOlOjc4
444,YOUTUBE,czx0dQe-3uk
445,YOUTUBE,E6sqA9QtV5I
446,YOUTUBE,7JJfJgyHYwU
447,YOUTUBE,AjBVWlo_iYw
448,YOUTUBE,T2fjQrsKbAM
449,YOUTUBE,Y0ORhLyJWuc
450,YOUTUBE,9JV1_0G3ZIU
451,YOUTUBE,IocU3uxrYf8
452,YOUTUBE,6M6samPEMpM
453,YOUTUBE,vTD1dY-I-Mo
454,YOUTUBE,kTHNpusq654
455,YOUTUBE,4FaHeREoRUc
456,YOUTUBE,IJD5r4xbjfw
457,YOUTUBE,doLMt10ytHY
458,YOUTUBE,htJMGFKOs8c
459,YOUTUBE,D-YDEyuDxWU
460,YOUTUBE,M-954V9LORI
461,YOUTUBE,4H5Wc6SRLxo
462,YOUTUBE,qrO4YZeyl0I
463,YOUTUBE,273pasBKH18
464,YOUTUBE,24VdCJo-FIA
465,YOUTUBE,3O1_3zBUKM8
466,YOUTUBE,jzD_yyEcp0M
467,YOUTUBE,HQO2TCj4Zi4
468,YOUTUBE,dKlgCk3IGBg
469,YOUTUBE,1vMsFJIaVL8
470,YOUTUBE,c0wUKCekI34
471,YOUTUBE,TO-_3tck2tg
472,YOUTUBE,dNCWe_6HAM8
473,YOUTUBE,AByfaYcOm4A
474,YOUTUBE,wqh8Z59rMI4
475,YOUTUBE,EAg69LaLlS0
476,YOUTUBE,RyJ5GbzEZC0
477,YOUTUBE,Xs38k07AHz8
478,YOUTUBE,PGK_ydSKAHg
479,YOUTUBE,6YRVhdQDnDo
480,YOUTUBE,hcMzwMrr1tE
481,YOUTUBE,ogoIxkPjRts
482,YOUTUBE,iqVLISbFZPc
483,YOUTUBE,3iwU6YcaTLQ
484,YOUTUBE,uBDCl5c-9qM
485,YOUTUBE,cRi-x2r88no
486,YOUTUBE,A95yW-LVnbY
487,YOUTUBE,hh_aHxeqE8g
488,YOUTUBE,fwK7ggA3-bU
489,YOUTUBE,14C28JSO-sg
490,YOUTUBE,t6B6nS5ljzU
491,YOUTUBE,q5OS-ANdq1Q
492,YOUTUBE,IV7usfiEbms
493,YOUTUBE,m7kPssRKiL8
494,YOUTUBE,DzwkcbTQ7ZE
495,YOUTUBE,DTylwRVhPY0
496,YOUTUBE,e9599d8Hlyw
497,YOUTUBE,HrRibquBe5E
498,YOUTUBE,hHUbLv4ThOo
499,YOUTUBE,rJHRY3DU-vc
500,YOUTUBE,GhWJiC78J2A
501,YOUTUBE,Ky1dduzoEe0
502,YOUTUBE,KuqP-3wCEVk
503,YOUTUBE,0HDdjwpPM3Y
504,YOUTUBE,_SjTFD9qVuE
505,YOUTUBE,YqsWJjUUDaY
506,YOUTUBE,MlSWVQouSvk
507,YOUTUBE,oeC6_AJye5U
508,YOUTUBE,BpxrvcYDnf4
509,YOUTUBE,OORBa32WFcM
510,YOUTUBE,lA8F9sIhGdg
511,YOUTUBE,RkfvelOJvhI
512,YOUTUBE,rYkK4HHTBQ4
513,YOUTUBE,XYeJrtj8yb8
514,YOUTUBE,RY607kB2QiU
515,YOUTUBE,K9mTSekTktw
516,YOUTUBE,AS-4DsoHkhA
517,YOUTUBE,MnMWVbmFz_M
518,YOUTUBE,p47fEXGabaY
519,YOUTUBE,bgWzGi8esJk
520,YOUTUBE,URtHlm00IU8
521,YOUTUBE,fD7LIqkKisc
522,YOUTUBE,xgSw4gTSwEg
523,YOUTUBE,vJ-v3WRkjOg
524,YOUTUBE,wVib5FsxtMQ
525,YOUTUBE,TV4OcjlAawY
526,YOUTUBE,hrExX7RPvS0
527,YOUTUBE,3YqPKLZF_WU
528,YOUTUBE,MkElfR_NPBI
529,YOUTUBE,W2lyCUcF1NM
530,YOUTUBE,X-hVBbY2GkY
531,YOUTUBE,cTXLxXj88kw
532,YOUTUBE,DkYQW3_dWcA
533,YOUTUBE,4OG58_nGU88
534,YOUTUBE,DUv-r_OCoZo
535,YOUTUBE,C-u5WLJ9Yk4
536,YOUTUBE,PK8QIiYHBjw
537,YOUTUBE,kCY7lM7iji0
538,YOUTUBE,8dJyRm2jJ-U
539,YOUTUBE,SrrKuQVOVL0
540,YOUTUBE,uAVUl0cAKpo
541,YOUTUBE,kTJczUoc26U
542,YOUTUBE,n1khwOk5dN8
543,YOUTUBE,YuB2ftT6TWo
544,YOUTUBE,0S-8yJl1FGY
545,YOUTUBE,ijS_orLb6VU
546,YOUTUBE,HVJWX1B9_lo
547,YOUTUBE,qZxXZ2UpaBs
548,YOUTUBE,7mhNwEZGyXc
549,YOUTUBE,DyDfgMOUjCI
550,YOUTUBE,KrgJp7Z1Hv8
551,YOUTUBE,5vheNbQlsyU
552,YOUTUBE,gfHbg53ykPY
553,YOUTUBE,PwQmPLjnSPo
554,YOUTUBE,5pHiUJONzgo
555,YOUTUBE,UTHLKHL_whs
556,YOUTUBE,EgT_us6AsDg
557,YOUTUBE,mex6wFv0_wM
558,YOUTUBE,Pkh8UtuejGw
559,YOUTUBE,iBYndEtOVv4
560,YOUTUBE,ChYYCZv0fqU
561,YOUTUBE,bnVUHWCynig
562,YOUTUBE,Zlot0i3Zykw
563,YOUTUBE,J_ub7Etch2U
564,YOUTUBE,y1TtVi6qm98
565,YOUTUBE,BoXAmgfwFa8
566,YOUTUBE,A_QYVlYdelI
567,YOUTUBE,u7JMhVI7taQ
568,YOUTUBE,1qrhnK6FGr0
569,YOUTUBE,7Azv0G85lh8
570,YOUTUBE,qZX2STLJqrc
571,YOUTUBE,r-go07SLxlU
572,YOUTUBE,dT2owtxkU8k
573,YOUTUBE,B25ariEu9fs
574,YOUTUBE,mvxQYPR4lmU
575,YOUTUBE,y-k_ofefdkk
576,YOUTUBE,Z8Z51no1TD0
577,YOUTUBE,hwYA1O0C2nI
578,YOUTUBE,QHPvBhMDM2w
579,YOUTUBE,2LDaxyu5KUI
580,YOUTUBE,k6ZoE4RrcDs
581,YOUTUBE,LumqM9uxVNU
582,YOUTUBE,cVaG6adE2mA
583,YOUTUBE,fLexgOxsZu0
584,YOUTUBE,zABLecsR5UE
585,YOUTUBE,2Vv-BfVoq4g
586,YOUTUBE,JZ0pTYcliwE
587,YOUTUBE,kLUeP9E9f5k
588,YOUTUBE,7K7Sl0FPsVo
589,YOUTUBE,9r2_tj0K3yA
590,YOUTUBE,3yWke8OdUuY
591,YOUTUBE,5hm4gAQQOBA
592,YOUTUBE,papuvlVeZg8
593,YOUTUBE,IBXu-Pd7678
594,YOUTUBE,lTYb7SgjcyY
595,YOUTUBE,3lfnR7OhZY8
596,YOUTUBE,h9jblgETFyU
597,YOUTUBE,oFKu8wm7RcA
598,YOUTUBE,jyFqlWOVOC0
599,YOUTUBE,Tf7qp1CwanI
600,YOUTUBE,HBxt_v0WF6Y
601,YOUTUBE,V2kWUJkRvVs
602,YOUTUBE,CGbvMQ7xDtE
603,YOUTUBE,Osq0RgGVwK8
604,YOUTUBE,adLGHcj_fmA
605,YOUTUBE,pz95u3UVpaM
606,YOUTUBE,Dc7LeYq-jJw
607,YOUTUBE,Ld7uKSsLJO4
608,YOUTUBE,Ujaa3ar4hCA
609,YOUTUBE,3AyMjyHu1bA
610,YOUTUBE,PaKr9gWqwl4
611,YOUTUBE,3H2lczOyFI8
612,YOUTUBE,0UA4u8TavuI
613,YOUTUBE,O2q0ubo0U-A
614,YOUTUBE,mNEUkkoUoIA
615,YOUTUBE,KdS6HFQ_LUc
616,YOUTUBE,6fI_VE_yYoE
617,YOUTUBE,nIjVuRTm-dc
618,YOUTUBE,k8975OaAfys
619,YOUTUBE,j64M3CACcr4
620,YOUTUBE,CFMz9DOhaJ8
621,YOUTUBE,46w_wj1hXac
622,YOUTUBE,6J8CeSOmdUk
623,YOUTUBE,_1aO4pCvxN0
624,YOUTUBE,Ti75jRmfs74
625,YOUTUBE,goPvbaIrzr4
626,YOUTUBE,lp-EO5I60KA
627,YOUTUBE,DlxtYyIdXgM
628,YOUTUBE,-nt_u4vo-DI
629,YOUTUBE,nV9Fv1qdkL8
630,YOUTUBE,FdXRbOrsyRY
631,YOUTUBE,xNWvBwU4aD4
632,YOUTUBE,65mX9N69jWI
633,YOUTUBE,VFE2I_m0P48
634,YOUTUBE,N0i4mUZFSgs
635,YOUTUBE,Wh_c0e7LgMk
636,YOUTUBE,I0czvJ_jikg
637,YOUTUBE,L7mfjvdnPno
638,YOUTUBE,OrIraDLbNMA
639,YOUTUBE,tJniy4aGVOs
640,YOUTUBE,77EFEHZ9JbE
641,YOUTUBE,g3a7XWx32dU
642,YOUTUBE,DNJ09xZ1dA4
643,YOUTUBE,yZ-1RlP5ZNA
644,YOUTUBE,Kphn6UMdiqA
645,YOUTUBE,-bIvY86cJak
646,YOUTUBE,gbsi0JSbHdg
647,YOUTUBE,XXYlFuWEuKI
648,YOUTUBE,Nj2U6rhnucI
649,YOUTUBE,omfXmi7hibs
650,YOUTUBE,RlaBTqv8tQs
651,YOUTUBE,v0fYSCLZ394
652,YOUTUBE,m7Bc3pLyij0
653,YOUTUBE,R8DK8YfSQj0
654,YOUTUBE,mK8mw2X-4ug
655,YOUTUBE,brrugYqMeEk
656,YOUTUBE,1SJSfaa4Owo
657,YOUTUBE,Os_6c5j6YiQ
658,YOUTUBE,UqyT8IEBkvY
659,YOUTUBE,-6J3HfX4sbg
660,YOUTUBE,Ber5TpaJtEg
661,YOUTUBE,OKic_gFagSs
662,YOUTUBE,H5v3kku4y6Q
663,YOUTUBE,kkoSOeel9yE
664,YOUTUBE,iFPkd-7AcDM
665,YOUTUBE,pRfmrE0ToTo
666,YOUTUBE,gtnnUO_coJE
667,YOUTUBE,FYxUJFD9Ye4
668,YOUTUBE,KlyXNRrsk4A
669,YOUTUBE,X-yIEMduRXk
670,YOUTUBE,AeE-qehNrYU
671,YOUTUBE,K4ANtQZlX6w
672,YOUTUBE,18fkHq5tbmQ
673,YOUTUBE,2fDzCWNS3ig
674,YOUTUBE,Tc8kb5HBNrA
675,YOUTUBE,ww6ykF2ktaI
676,YOUTUBE,hgF1HI_kW6s
677,YOUTUBE,fWNaR-rxAic
678,YOUTUBE,401hZy6Hipw
679,YOUTUBE,9eFCtoM-xF8
680,YOUTUBE,PIh2xe4jnpk
681,YOUTUBE,nYFDHftXido
682,YOUTUBE,OpQFFLBMEPI
683,YOUTUBE,H0NFTIhxOpc
684,YOUTUBE,SlPhMPnQ58k
685,YOUTUBE,RBumgq5yVrA
686,YOUTUBE,PoP2Sa7wYNQ
687,YOUTUBE,MSzkyPolp_s
688,YOUTUBE,8bfVSRUT0Fo
689,YOUTUBE,O--o-O-ABBw
690,YOUTUBE,u8kl9Rvd-sM
691,YOUTUBE,QYh6mYIJG2Y
692,YOUTUBE,zdEVqeN1E1I
693,YOUTUBE,SClzaJuWou4
694,YOUTUBE,0Qr7sP7G5RQ
695,YOUTUBE,QH2a6V-W87U
696,YOUTUBE,2qzcHLyv3N0
697,YOUTUBE,aCpRpT_warM
698,YOUTUBE,lHPSOyQM0gQ
699,YOUTUBE,w-HfMiue7-k
700,YOUTUBE,j3pj8-uMF4U
701,YOUTUBE,RJKFdxq_1mE
702,YOUTUBE,ud7tr8WxnBI
703,YOUTUBE,yQBImEeXNZ4
704,YOUTUBE,iLTR0UyG2Yo
705,YOUTUBE,zyavwRbnOyQ
706,YOUTUBE,OK5fL6BlOQ0
707,YOUTUBE,b-esdxjN8N8
708,YOUTUBE,PdhXxcPTNMA
709,YOUTUBE,iYRqAc10Ii8
710,YOUTUBE,0qG4chf4fLI
711,YOUTUBE,CbqAdDo2yCM
712,YOUTUBE,kdVeYgGtO3Q
713,YOUTUBE,nYh-n7EOtMA
714,YOUTUBE,JXRK5WWJTfY
715,YOUTUBE,jH1RNk8954Q
716,YOUTUBE,e-ORhEE9VVg
717,YOUTUBE,QWvi4r1lacQ
718,YOUTUBE,mflNDS0tEOM
719,YOUTUBE,nzy9rR0SsFY
720,YOUTUBE,7AlAYttGnAg
721,YOUTUBE,6Q6GOcuYTxk
722,YOUTUBE,OLmGL_SvP_M
723,YOUTUBE,tPkKQaUcvks
724,YOUTUBE,FIILsSmS_nA
725,YOUTUBE,CA1VHbdq5hY
726,YOUTUBE,3MRclzMx18o
727,YOUTUBE,REyv4cblksI
728,YOUTUBE,CMWLX0KXwF4
729,YOUTUBE,EP7tQnu2gmE
730,YOUTUBE,PDR_ZoMI82g
731,YOUTUBE,WXBHCQYxwr0
732,YOUTUBE,mzwg5Ldkt5Q
733,YOUTUBE,wGj9oADcyRs
734,YOUTUBE,mD2a9YzKV3w
735,YOUTUBE,YVkUvmDQ3HY
736,YOUTUBE,aJOTlE1K90k
737,YOUTUBE,MTvQKv7wkb8
738,YOUTUBE,IPXIgEAGe4U
739,YOUTUBE,4cl9F05Oh6Y
740,YOUTUBE,djV11Xbc914
741,YOUTUBE,r7u7Lp13v88
742,YOUTUBE,WpYeekQkAdc
743,YOUTUBE,jW7j41mbxXU
744,YOUTUBE,qDRORgoZxZU
745,YOUTUBE,MFzq4_qCFUQ
746,YOUTUBE,jKIEUdAMtrQ
747,YOUTUBE,ilut9TzMfXs
748,YOUTUBE,qeMFqkcPYcg
749,YOUTUBE,TyMbGYkj724
750,YOUTUBE,nSDgHBxUbVQ
751,YOUTUBE,7kmwBYd3XQA
752,YOUTUBE,acEOASYioGY
753,YOUTUBE,flL8ZMqIWGA
754,YOUTUBE,MC66-bI2f8I
755,YOUTUBE,tp4fUH2E8uc
756,YOUTUBE,sLfqapBIqME
757,YOUTUBE,pMaKEU1QzF4
758,YOUTUBE,ft4jcPSLJfY
759,YOUTUBE,NC5M76nHMdo
760,YOUTUBE,2lSyHZLzNYA
761,YOUTUBE,9i2e3yVoS44
762,YOUTUBE,UBMRx2UHcj8
763,YOUTUBE,d7inI8vlUDc
764,YOUTUBE,EtztSKtBNeM
765,YOUTUBE,zhaTkKdovgM
766,YOUTUBE,jr47YisIsz8
767,YOUTUBE,IdneKLhsWOQ
768,YOUTUBE,As6sKaqKxe4
769,YOUTUBE,lYtDqSc78Jo
770,YOUTUBE,QGocKzcUWdQ
771,YOUTUBE,yVzlsL2audk
772,YOUTUBE,-MjBmkSXt_g
773,YOUTUBE,8Fl6d_fSRNs
774,YOUTUBE,yN311UDXETY
775,YOUTUBE,rGj0tQLQgUw
776,YOUTUBE,7RREsx9lnNI
777,YOUTUBE,8d9Ma7vp7Sc
778,YOUTUBE,rhTl_OyehF8
779,YOUTUBE,3Msj5WNcEl0
780,YOUTUBE,kHNCHjmFSck
781,YOUTUBE,4bBczzrciP0
782,YOUTUBE,2wQHF4JgYmE
783,YOUTUBE,Zhx1n6uvgUE
784,YOUTUBE,-PDzZJrJhh4
785,YOUTUBE,paDG3S3UmQM
786,YOUTUBE,whBJ7h_tjdc
787,YOUTUBE,Fb0CbRHhG_k
788,YOUTUBE,C7HW17Vojj4
789,YOUTUBE,CFPLIaMpGrY
790,YOUTUBE,Nobk6gNIBVI
791,YOUTUBE,N-4YMlihRf4
792,YOUTUBE,vdY5SFZBgnk
793,YOUTUBE,vFimC3To0MU
794,YOUTUBE,Vbu44JdN12s
795,YOUTUBE,2Z8L4Qed8F8
796,YOUTUBE,8JnfIa84TnU
797,YOUTUBE,1fwJ8H5wWCU
798,YOUTUBE,c1SVmXMYiyc
799,YOUTUBE,NaFd8ucHLuo
800,YOUTUBE,QDYDRA5JPLE
801,YOUTUBE,GzU8KqOY8YA
802,YOUTUBE,SR6iYWJxHqs
803,YOUTUBE,U05fwua9-D4
804,YOUTUBE,lcUq0DDt0Ro
805,YOUTUBE,bo_efYhYU2A
806,YOUTUBE,2VmgpHUld8o
807,YOUTUBE,pekzpzNCNDQ
808,YOUTUBE,hgnVRI4Kp2o
809,YOUTUBE,Mvaosumc4hU
810,YOUTUBE,N5Ka-GO8ol0
811,YOUTUBE,dGLL9w66eSI
812,YOUTUBE,f40W5xwJsqc
813,YOUTUBE,LHCob76kigA
814,YOUTUBE,9RyyTNuGQkQ
815,YOUTUBE,Jtauh8GcxBY
816,YOUTUBE,KRaWnd3LJfs
817,YOUTUBE,zYShREjmZ9k
818,YOUTUBE,OpD2c4Tu544
819,YOUTUBE,sQEgklEwhSo
820,YOUTUBE,GDizXCdID04
821,YOUTUBE,B_kALCXfxq8
822,YOUTUBE,JmU16BbDmNM
823,YOUTUBE,6xoB4ZiKKn0
824,YOUTUBE,g2ZMeQERRZc
825,YOUTUBE,4kVZOJEqz3U
826,YOUTUBE,U3ASj1L6_sY
827,YOUTUBE,ViwtNLUqkMY
828,YOUTUBE,lsqxaAvEOLI
829,YOUTUBE,ekzHIouo8Q4
830,YOUTUBE,LPjbR4-l1oI
831,YOUTUBE,QGJuMBdaqIw
832,YOUTUBE,lxgXZy3NJlQ
833,YOUTUBE,h9Se_2mvWec
834,YOUTUBE,4Z8cuCZKR5E
835,YOUTUBE,-CmadmM5cOk
836,YOUTUBE,CWCMGIG1Y54
837,YOUTUBE,Or0447QV_TM
838,YOUTUBE,B0QWE2z68YQ
839,YOUTUBE,WHzcZhlgK5U
840,YOUTUBE,-OfaMlMcZew
841,YOUTUBE,hLQl3WQQoQ0
842,YOUTUBE,vYna03C1e-A
843,YOUTUBE,hmUyEDG7Jy0
844,YOUTUBE,ptaROG-KxUM
845,YOUTUBE,4fYxycJcO2Q
846,YOUTUBE,mYurQ5ISswE
847,YOUTUBE,1_4ELAxKrDc
848,YOUTUBE,sAzlWScHTc4
849,YOUTUBE,ZOdwBgtKv60
850,YOUTUBE,50VNCymT-Cs
851,YOUTUBE,-PTf2z3Zf6s
852,YOUTUBE,yXeuu3H-RBM
853,YOUTUBE,WkgHkrM9fo0
854,YOUTUBE,H_hgw-V-wBI
855,YOUTUBE,facyS2ntf4Q
856,YOUTUBE,L7P68k8jWbI
857,YOUTUBE,xn21hH7kyx8
858,YOUTUBE,baepkREFZ6s
859,YOUTUBE,09R8_2nJtjg
860,YOUTUBE,2vjPBrBU-TM
861,YOUTUBE,ZbZSe6N_BXs
862,YOUTUBE,t4H_Zoh7G5A
863,YOUTUBE,cds_rfHsJ3Y
864,YOUTUBE,yDZpnweT0XM
865,YOUTUBE,3bEAQmFy5Xw
866,YOUTUBE,dTjoVrkNkl4
867,YOUTUBE,dEjA3uw5s3I
868,YOUTUBE,Il-an3K9pjg
869,YOUTUBE,YT1ohp1KKLo
870,YOUTUBE,wTi8yLyHeb8
871,YOUTUBE,bgf18kANm_k
872,YOUTUBE,8UVNT4wvIGY
873,YOUTUBE,20e608F7KQ8
874,YOUTUBE,on_IPWtYdc0
875,YOUTUBE,k4Wmi35bde4
876,YOUTUBE,AyX_LL9nWSE
877,YOUTUBE,nPLV7lGbmT4
878,YOUTUBE,rU3ayZjDzC0
879,YOUTUBE,Zr1gHZilHr4
880,YOUTUBE,eWdEqcIH-Xw
881,YOUTUBE,TDvWSxIQu3U
882,YOUTUBE,gl1aHhXnN1k
883,YOUTUBE,G9XrXnfJPsk
884,YOUTUBE,hedx3EbixZw
885,YOUTUBE,2N8r-e2nTqI
886,YOUTUBE,cfedNUhQq6Y
887,YOUTUBE,r0mNwyywHIY
888,YOUTUBE,UDVr3ab3NVM
889,YOUTUBE,vQv4IGSrGt0
890,YOUTUBE,UN7xqZnqvrA
891,YOUTUBE,tGhyQ7KanMU
892,YOUTUBE,T3E9Wjbq44E
893,YOUTUBE,Xy32_Z3kVms
894,YOUTUBE,Wk3Vxt3knnI
895,YOUTUBE,Y8JFxS1HlDo
896,YOUTUBE,4NRXx6U8ABQ
897,YOUTUBE,2_xBCeBmaS8
898,YOUTUBE,Jzf917KYNH0
899,YOUTUBE,xfKrlmo8RLY
900,YOUTUBE,U934LY5Xwu0
901,YOUTUBE,y_k0giroxpU
902,YOUTUBE,nbU9fQFi5fY
903,YOUTUBE,74NhLkjIeMs
904,YOUTUBE,iSa4U4rpxVk
905,YOUTUBE,vRXZj0DzXIA
906,YOUTUBE,ourTfMmavog
907,YOUTUBE,5Wiio4KoGe8
908,YOUTUBE,G_BhUxx-cwk
909,YOUTUBE,0zGcUoRlhmw
910,YOUTUBE,NWIIhf_lv08
911,YOUTUBE,pIdX9-gy_hE
912,YOUTUBE,a5rlgE6dcBY
913,YOUTUBE,JuWUTsIBx5Q
914,YOUTUBE,QFcVnG5Q_p8
915,YOUTUBE,7Q-WGjqpIvY
916,YOUTUBE,5iYHQeqOT9Q
917,YOUTUBE,GBQEYYSjEpY
918,YOUTUBE,t7qSjbqd4og
919,YOUTUBE,J1_Cf55cS8I
920,YOUTUBE,Ghl_vkEV3tc
921,YOUTUBE,qfSrPyX5Svk
922,YOUTUBE,mu-yapbIpoY
923,YOUTUBE,5CHbaqrgF-M
924,YOUTUBE,Q33XE_ksUCU
925,YOUTUBE,g8iidxp43fQ
926,YOUTUBE,fRh_vgS2dFE
927,YOUTUBE,eZlQeaTL-y4
928,YOUTUBE,VbfpW0pbvaU
929,YOUTUBE,16y1AkoZkmQ
930,YOUTUBE,APB-AKpnKT4
931,YOUTUBE,t-QZQgd0Nrw
932,YOUTUBE,U3BVFY9wnTw
933,YOUTUBE,360_M39p_Mg
934,YOUTUBE,KqecHBTE3hI
935,YOUTUBE,-kIfyXCCIr8
936,YOUTUBE,r5inVONkOKQ
937,YOUTUBE,mRD0-GxqHVo
938,YOUTUBE,HYuWGkQhkeo
939,YOUTUBE,vWaRiD5ym74
940,YOUTUBE,3sO-Y1Zbft4
941,YOUTUBE,fHXVl_pb_8k
942,YOUTUBE,y3WINcbg_xg
943,YOUTUBE,OCoYknGTLX0
944,YOUTUBE,SOn3_0Oav0k
945,YOUTUBE,GGedxagAiHw
946,YOUTUBE,Wa86aPSXRX4
947,YOUTUBE,g-P4UEphlxM
948,YOUTUBE,p38WgakuYDo
949,YOUTUBE,y3IpJna56J8
950,YOUTUBE,QpG3iyP4e-8
951,YOUTUBE,m-M1AtrxztU
952,YOUTUBE,LNDHulbTj_A
953,YOUTUBE,nZXRV4MezEw
954,YOUTUBE,f0T6jFsWMak
955,YOUTUBE,oygrmJFKYZY
956,YOUTUBE,ZAfAud_M_mg
957,YOUTUBE,G8CDWVP_Gng
958,YOUTUBE,9VpeTiz81gc
959,YOUTUBE,E_FTQFN1m6U
960,YOUTUBE,6vazqxfLpWc
961,YOUTUBE,upIxeHU3Oyk
962,YOUTUBE,6j928wBZ_Bo
963,YOUTUBE,fk4BbF7B29w
964,YOUTUBE,8F2s8ivKXNY
965,YOUTUBE,wpjhaftOV_I
966,YOUTUBE,YtnQq6byng4
967,YOUTUBE,bQfpLurfI1U
968,YOUTUBE,mtul2FbH1c8
969,YOUTUBE,Y3-pxxbQOkI
970,YOUTUBE,VafTMsrnSTU
971,YOUTUBE,FLGCGc7sAUw
972,YOUTUBE,421w1j87fEM
973,YOUTUBE,gXl0zgUhsAU
974,YOUTUBE,J1rOfVst-EQ
975,YOUTUBE,eCZunqj2YBQ
976,YOUTUBE,gZiEvY6d8Y4
977,YOUTUBE,8TGqRWK66q4
978,YOUTUBE,T4u1sEtW-80
979,YOUTUBE,bvWRMAU6V-c
980,YOUTUBE,rtOvBOTyX00
981,YOUTUBE,CEw-7cMnBDY
982,YOUTUBE,lX0be8Z0KYY
983,YOUTUBE,u9n7Cw-4_HQ
984,YOUTUBE,Gb-IlOT3r_Q
985,YOUTUBE,AG-erEMhumc
986,YOUTUBE,oJmGqmR9f1w
987,YOUTUBE,hkmeO0GTq7M
988,YOUTUBE,q0hyYWKXF0Q
989,YOUTUBE,WABOrIYhR94
990,YOUTUBE,rP09GUQFDFk
991,YOUTUBE,6GCYA2ofoks
992,YOUTUBE,ulJBJYie0l8
993,YOUTUBE,1nLnR8yK_BA
994,YOUTUBE,0Q5ClfLjtDE
995,YOUTUBE,uuZE_IRwLNI
996,YOUTUBE,55sOQtVd2uA
997,YOUTUBE,NSD-k7W9K7Q
998,YOUTUBE,e-fA-gBCkj0
999,YOUTUBE,tJXPfNDVF4I
1000,YOUTUBE,31crA53Dgu0
1001,YOUTUBE,M11SvDtPBhA
1002,YOUTUBE,KmwigwHOg5o
1003,YOUTUBE,nJuEfXa-gMM
1004,YOUTUBE,BrFGEUq1_3s
1005,YOUTUBE,ZSM3w1v-A_Y
1006,YOUTUBE,AMPa3339G5I
1007,YOUTUBE,EQ7ShhkEdMs
1008,YOUTUBE,mOnKaA5TonQ
1009,YOUTUBE,av5JD1dfj_c
1010,YOUTUBE,zI383uEwA6Q
1011,YOUTUBE,zB2y6MiLsAk
1012,YOUTUBE,lB4_WAGqwJg
1013,YOUTUBE,p70UTh02FXI
1014,YOUTUBE,euCqAq6BRa4
1015,YOUTUBE,TFHCew8DnC0
1016,YOUTUBE,g5T2tu3Yky4
1017,YOUTUBE,bB7X5vnJskA
1018,YOUTUBE,8XRKJtBUev8
1019,YOUTUBE,XjwZAa2EjKA
1020,YOUTUBE,AfxsFsLhL04
1021,YOUTUBE,GS-666L0VLE
1022,YOUTUBE,_K8BRSCj4Ms
1023,YOUTUBE,P4oh-jTN9qE
1024,YOUTUBE,BNSeGVLnMUw
1025,YOUTUBE,H1hDzq98WIY
1026,YOUTUBE,HqFVdz9GpwE
1027,YOUTUBE,o4552tadeuM
1028,YOUTUBE,dhYM5zMvFQk
1029,YOUTUBE,rNReepITjN0
1030,YOUTUBE,Gla5AzlHnS4
1031,YOUTUBE,Y-gMa8lPQjM
1032,YOUTUBE,oPg45XHk4aA
1033,YOUTUBE,tzz0LPYIfs8
1034,YOUTUBE,SXiSVQZLje8
1035,YOUTUBE,7c70t5RDe4I
1036,YOUTUBE,NmugSMBh_iI
1037,YOUTUBE,NY7np0BU2N0
1038,YOUTUBE,JRfuAukYTKg
1039,YOUTUBE,KvAagUxO3OY
1040,YOUTUBE,Y2NkuFIlLEo
1041,YOUTUBE,KXDjVHgeZ3A
1042,YOUTUBE,zz1z-p2JwpU
1043,YOUTUBE,i5QxFSOMbj4
1044,YOUTUBE,tAFl1yRi-1I
1045,YOUTUBE,J_jJhHhYW9w
1046,YOUTUBE,SqJMGPEqIjE
